{
  "Active Areas": [
    {
      "a": 255,
      "b": 100,
      "h": 141.3125,
      "s": 120
    },
    {
      "a": 255,
      "b": 100,
      "h": 141.3125,
      "s": 40.1574821472168
    }
  ],
  "Active Button": [
    {
      "a": 255,
      "b": 254,
      "h": 143.9516143798828,
      "s": 186.7322845458984
    },
    {
      "a": 255,
      "b": 254,
      "h": 143.9516143798828,
      "s": 186.7322845458984
    }
  ],
  "Active Text": [
    {
      "a": 255,
      "b": 207,
      "h": 0,
      "s": 0
    },
    {
      "a": 255,
      "b": 207,
      "h": 0,
      "s": 0
    }
  ],
  "Active Toggle": [
    {
      "a": 255,
      "b": 254,
      "h": 137.0625,
      "s": 200.7873992919922
    },
    {
      "a": 255,
      "b": 254,
      "h": 137.0625,
      "s": 200.7873992919922
    }
  ],
  "Background": [
    {
      "a": 255,
      "b": 14,
      "h": 0,
      "s": 0
    },
    {
      "a": 255,
      "b": 14,
      "h": 0,
      "s": 0
    }
  ],
  "Dropdown": [
    {
      "a": 255,
      "b": 254,
      "h": 141.1419830322266,
      "s": 81.31890106201172
    },
    {
      "a": 255,
      "b": 254,
      "h": 141.1419830322266,
      "s": 81.31890106201172
    }
  ],
  "Element Background": [
    {
      "a": 164,
      "b": 254,
      "h": 146.0792388916016,
      "s": 183.7204742431641
    },
    {
      "a": 164,
      "b": 254,
      "h": 146.0792388916016,
      "s": 183.7204742431641
    }
  ],
  "Graph Shapes": [
    {
      "a": 255,
      "b": 109,
      "h": 134.5833282470703,
      "s": 14.03669738769531
    },
    {
      "a": 255,
      "b": 109,
      "h": 134.5833282470703,
      "s": 14.03669738769531
    }
  ],
  "Graph Splines": [
    {
      "a": 255,
      "b": 228,
      "h": 138.125,
      "s": 44.73684310913086
    },
    {
      "a": 255,
      "b": 228,
      "h": 138.125,
      "s": 44.73684310913086
    }
  ],
  "Handles": [
    {
      "a": 255,
      "b": 254,
      "h": 118.6936950683594,
      "s": 111.4370040893555
    },
    {
      "a": 255,
      "b": 254,
      "h": 118.6936950683594,
      "s": 111.4370040893555
    }
  ],
  "Hovered Areas": [
    {
      "a": 255,
      "b": 222,
      "h": 128.1967163085938,
      "s": 210.2026977539062
    },
    {
      "a": 255,
      "b": 222,
      "h": 128.1967163085938,
      "s": 210.2026977539062
    }
  ],
  "Inactive Areas": [
    {
      "a": 255,
      "b": 60,
      "h": 143.2065277099609,
      "s": 195.5
    },
    {
      "a": 255,
      "b": 60,
      "h": 143.2065277099609,
      "s": 195.5
    }
  ],
  "Inactive Button": [
    {
      "a": 255,
      "b": 254,
      "h": 143.0984039306641,
      "s": 188.7401580810547
    },
    {
      "a": 255,
      "b": 254,
      "h": 143.0984039306641,
      "s": 188.7401580810547
    }
  ],
  "Inactive Toggle": [
    {
      "a": 254,
      "b": 180,
      "h": 148.75,
      "s": 160
    },
    {
      "a": 254,
      "b": 254,
      "h": 148.75,
      "s": 2.007874011993408
    }
  ],
  "Inner Borders": [
    {
      "a": 255,
      "b": 150,
      "h": 144.8148040771484,
      "s": 45.90000152587891
    },
    {
      "a": 255,
      "b": 150,
      "h": 144.8148040771484,
      "s": 45.90000152587891
    }
  ],
  "Markers": [
    {
      "a": 90,
      "b": 254,
      "h": 137.3379669189453,
      "s": 108.4251937866211
    },
    {
      "a": 90,
      "b": 254,
      "h": 137.3379669189453,
      "s": 108.4251937866211
    }
  ],
  "Outer Borders": [
    {
      "a": 255,
      "b": 180,
      "h": 145.4577484130859,
      "s": 71.27952575683594
    },
    {
      "a": 255,
      "b": 254,
      "h": 145.4577484130859,
      "s": 71.27952575683594
    }
  ],
  "Slider Shapes": [
    {
      "a": 255,
      "b": 207,
      "h": 143.0217437744141,
      "s": 141.6666717529297
    },
    {
      "a": 255,
      "b": 207,
      "h": 143.0217437744141,
      "s": 141.6666717529297
    }
  ],
  "Splines": [
    {
      "a": 255,
      "b": 180,
      "h": 130.9693908691406,
      "s": 145.2906951904297
    },
    {
      "a": 95,
      "b": 172,
      "h": 130.9693908691406,
      "s": 145.2906951904297
    }
  ],
  "Text Labels": [
    {
      "a": 255,
      "b": 254,
      "h": 131.1956481933594,
      "s": 115.4527587890625
    },
    {
      "a": 255,
      "b": 254,
      "h": 131.1956481933594,
      "s": 115.4527587890625
    }
  ],
  "Text Titles": [
    {
      "a": 255,
      "b": 107,
      "h": 120.961540222168,
      "s": 154.9065399169922
    },
    {
      "a": 255,
      "b": 107,
      "h": 120.961540222168,
      "s": 154.9065399169922
    }
  ],
  "Text Values": [
    {
      "a": 255,
      "b": 254,
      "h": 146.3888854980469,
      "s": 18.07086563110352
    },
    {
      "a": 255,
      "b": 254,
      "h": 146.3888854980469,
      "s": 18.07086563110352
    }
  ],
  "Touch Shapes": [
    {
      "a": 255,
      "b": 231,
      "h": 140.9756011962891,
      "s": 45.25973892211914
    },
    {
      "a": 255,
      "b": 231,
      "h": 140.9756011962891,
      "s": 45.25973892211914
    }
  ],
  "Touch Splines": [
    {
      "a": 255,
      "b": 180,
      "h": 128.03125,
      "s": 150
    },
    {
      "a": 255,
      "b": 136,
      "h": 128.03125,
      "s": 150
    }
  ]
}